id,true_neglog,predicted_neglog
CACCTTACTCAGTAACTGCTG,-1.924175870301921,-1.914271
GTATTGATGTTCCCTCGATAC,-1.7668588110214176,-1.7517622
GTATTTTACCTTTATACGCGC,-1.9729892268553488,-1.860381
TGAGGAGCACACTAAGCGCGG,-1.878579238062219,-1.9074354
GCTGTAGCTACAGCAGCGGTT,-1.8409212001987716,-1.8353198
CGCTGCTCTTTAGAAAAACAA,-1.7049222912234017,-1.6395042
CGTCCACTGGGTCCGCTCATG,-1.885191540606848,-1.887864
TGCTTCCAAAGCCCCTATCGG,-1.9083241392761792,-1.9015137
TAAGCTTTGCAAAGGTCAGAG,-1.8392894560061468,-1.7984786
GGTTTCCTAGTTCACTCAGTT,-1.8454081396217934,-1.8210793
GGGATTCTCTACCGTCCCGAA,-1.8399805576783428,-1.849092
AGGAGACTACCAGGATGTCGC,-1.8048887446223913,-1.7532396
TACCCTAGTCGGAGAATTTTG,-1.860098329698518,-1.8246597
CGCCCACATTAAGTCCGAGGC,-1.833720690444633,-1.8309972
AATCGCAGACACTATGCGCCT,-1.9106777547427054,-1.9058416
GAGCACCCTGGTGCGAGCGCT,-1.9453700944903038,-1.9103937
TTATGGGGTCGGCTCGAAGAG,-1.8699940001217419,-1.8456453
TCAACCGGTCCGAGTCTCCCG,-1.8424844244115701,-1.833235
TACATGTGGAGTACATGCGAG,-1.9294189257142929,-1.9307723
CTACGCGTGGATCCACTAGCA,-1.9237619608287002,-1.9010128
CTTAAAACTTGTGACGCCACC,-1.924847632975537,-1.889859
CCTCTGAAAAATTGGTAAGAC,-1.9020573108084666,-1.8880838
TAACAGGGTTCAGCGGAAGAA,-1.7565600430066828,-1.725999
ACCAAATATAAAGATACCGTC,-1.8944822150100906,-1.8928502
CAGGACTCCTCCGGTAGTCCG,-1.7672300981107183,-1.7833377
GCACGAAAACCCGAGCACGGA,-1.8706379632108054,-1.8647982
TTTACCGACGACCGTTGACTG,-1.9067658895407278,-1.8756671
AGAATTTTTGCATTTCAAGGG,-1.8305886686851442,-1.8634508
GAAGTCGTGTAGCGGTCGTTA,-1.7729814503449637,-1.8067411
TATGGTACTGTCAAACTTTTA,-1.7823292689968369,-1.8134391
GACTGTGGGACAAACTGCTTT,-1.8363241157067518,-1.7670809
AGACGATCCCTTCCATATAAC,-1.907787443110616,-1.8749171
AGTTGGCGCCGGTATTCCGAA,-1.828981954007923,-1.8571721
TATCCTCTAGGAAGCGATAGG,-1.8470170979353542,-1.7176155
CTACTTGCATCCTCCGCAATC,-1.8328281295393534,-1.8472416
ACAGCTACATGCAGCCGCGAC,-1.8011978344591486,-1.8410286
AGCCGCGAGGTTTACGCCCTA,-1.8760445502460952,-1.82535
TATAAAAGTAACCCATATGCT,-1.8933178116161118,-1.89714
GCCCTAACTTCGTGCTGATCA,-1.83714634390906,-1.8209773
GATCAATTTGGATACCAACCC,-1.9026011306665314,-1.8474859
ATTGGGAGCATACACTAGCAG,-1.7964355588101744,-1.7425033
TTATACCTCCGCGAAATTGAT,-1.9390197764486665,-1.9402249
TCTGGCTCTGATACAAACTAC,-1.9818186071706636,-1.9165003
AAATTCTGAGGCTAGATGCTG,-1.8526629443445692,-1.8600545
ACGTAAATGCATTTGTATAGT,-1.8842854623396752,-1.9163256
GAATGCACCTGGGGCGGGACA,-1.847202363980924,-1.8065795
GAAACGTGGTAAGCTATACAC,-1.7928817453853971,-1.7881887
CTTCTAAGACTGGGGAGTGAA,-1.7002709373564369,-1.7316704
GTGTGAACTGTTCAAACCAAA,-1.7811088357294664,-1.8123016
CCCCCCTTAATACGGCCCGAT,-1.6714505542124947,-1.7475522
TCAACGAGCAGCACGCATTCT,-1.909983694939844,-1.9053433
TGAGAACATTGACGCCGCATT,-1.8217754671834636,-1.7607701
GGCGACGATTTCGTGCGTCAT,-1.856547644856748,-1.7778752
AGATTGCGTCCGCCGGGCTCT,-1.8823537463887139,-1.832273
CCTGGGTCGTACCCGGTATCC,-1.8598585204809925,-1.8416048
GTGCCCCGAAAGTACCTCAAT,-1.8478809974453754,-1.8831903
CTCCGGCGCTAGCTTAGCGCT,-1.8251014115980033,-1.8170118
CTCGGCCTCGGGGGCACGGCT,-1.828917561616686,-1.8498983
TACGCGCATAGCGGTGCAACT,-1.93946933084353,-1.9010222
AACCTTTGCTAATGTCCCGAA,-1.8206611346435955,-1.8028641
ATGTTCTCTTAACCTTGCCCT,-1.808075868091307,-1.7864813
AAAAGTGCAACCACGCGCAAC,-1.8748875108461125,-1.860143
GCCTAATATTACGGAAATCCA,-1.8494194137968993,-1.8519866
CTGATGCTTAGAGGTGGTTAC,-1.8163075994319398,-1.8418976
TAATCGGACAGAGACGGGATA,-1.832189461068513,-1.8481232
GAGAACCGCCTTGCTGCTTCC,-1.8132473008976049,-1.8225455
AAGGTTAACGTCGGATTACAG,-1.7847598946640049,-1.8094718
ATACGGTGGACCCTGTTCGTT,-1.9025467793139914,-1.8365294
CGGTAAGCGGAGCAAAATCTA,-1.849910558301496,-1.8480785
CTACGATTCGCCCAACCACAC,-1.858115932190066,-1.8715811
TTTGAGTTTACGGGAGTTTAA,-1.861773296718693,-1.8197948
CCGTGGCGGCCAATCCCCACC,-1.801952234854282,-1.7742969
CGGAGATTAGTTGGCTACTCT,-1.78511619502192,-1.8135626
CTGAGGTAGATCACGGTAGCG,-1.8298181874388777,-1.7868295
CCGCGGCGCATGGGGTCTACT,-1.805908455074197,-1.7541639
TAATCTTCAGCTTCGCATCTG,-1.8576942577865496,-1.8296727
GCTCTGTACGTGGTGCGTGGG,-1.8332746392905634,-1.8054267
TTCGGGACAGAAGTCAGTCAG,-1.8774289407882196,-1.8320631
ATGTGTGCAGGCCATTCTTCG,-1.9067658895407278,-1.8785824
CGCCAAATAGGTTAGTGGGGA,-1.846398973034675,-1.8382112
ACACACACACACACACACACA,-1.9399184203690567,-1.947592
CGCTCACTGTCACCAGCGCTA,-1.846089580357984,-1.7876558
CGTGCTCAAAAATGATTTACG,-1.8439798444781599,-1.8895694
AATATTAAGCTTGCATGATAG,-1.8654001181793014,-1.8599995
CCAGGGGTCCCAGACTCAGCC,-1.7667102072622591,-1.8244256
ATCTTGGTGCTGCTTGTCACA,-1.9056340013269548,-1.8327262
CTGGACCCCAAGGGTCCTATG,-1.878579238062219,-1.8665279
ATGGACATGATCCAACACGTG,-1.7688600008429571,-1.8542154
TGAATTAGCGATTCAACCCCA,-1.91126417099837,-1.887701
CCAGGGATCCCGAAGAGTAGG,-1.7632782110189786,-1.7948531
CCGTACATTTTCTTCTTACCT,-1.76774936734558,-1.8085954
AAACACAGCGACGATTGACCA,-1.874307833128039,-1.9170053
AGCTCCGGCCTTTTCGCGAGC,-1.8536982117761747,-1.8694751
GCCAGCCAACGACAAGCCCAT,-1.8571515026874932,-1.8374839
TTAACCACCCACTAAGCTGGC,-1.8570911546735138,-1.9216293
TTCTCCTAAGCAAGTTGAAAA,-1.7761197990529878,-1.688786
CGCGGCAGTTGATCTTCAGCG,-1.8893017025063104,-1.7880418
AGGATCATGATCCCGGGCATC,-1.7977521286507108,-1.8396397
CTCCCATCTCTCAACCAAGCT,-1.8260099777911005,-1.8406113
AAAAAAAAAAAAAAAAAAAAA,-1.8524189929370016,-1.8346413
GGCGCAATCTTTCCATCAAAT,-1.8384712790719289,-1.8141395
TTTCGTAGTAGCCAGAGGGGG,-1.8961954104542107,-1.8663267
GGGGCGTTACGAAGCGGATGC,-1.792531761901308,-1.7794946
CATGGCACCGTGCATGTCTAT,-1.8344842853348053,-1.8087311
ACATAGCCCGGTGGTGTCAAC,-1.863857961883973,-1.8649187
AGTTTTACCTAAATGCCATCA,-1.70816585785554,-1.8175712
GAGTCCACACACTTAGCAGGA,-1.9164013036038756,-1.9220821
TCGCAGGATCCTATTTTTCGT,-1.8256208250035002,-1.8823886
CAATGCTTCGACGTAGAAAGA,-1.9521140849069927,-1.9561934
CACCGTATTTGGGTTAGCGAG,-1.8745977687031996,-1.8791945
ATTAAACCCTGACCTTGTAAT,-1.8296896408989711,-1.7721653
GAGCTTGCAGACGGTGCTAGT,-1.9170326221623935,-1.8545206
